value,Sample ID,517,519,521,523,525,527,529,531,533,535,537,539,541,543,545,547,549,551,553,555,557,559,561,563,565,567,569,571,573,575,577,579,581,583,585,587,589,591,593,595,597,599,601,603,605,607,609,611,613,615,617,619,621,623,625,627,629,631,633,635,637,639,641,643,645,647,649,651,653,655,657,659,661,663,665,667,669,671,673,675,677,679,681,683,685,687,689,691,693,695,697,699,701,703,705,707,709,711,713,715,717,719,721
,FINAL_DATA_CLARIOSTAR_IN_BLACK_FLOURESCENCE_WELL_PLATE(3-07-2024)_2,30882,35761,41862,48297,54943,61867,67233,72532,76165,79431,81596,84251,86524,87717,88947,89750,89489,89684,88693,87216,85248,82182,79435,76195,74406,73494,71753,70633,69182,66983,65512,64844,63438,62552,61409,60757,59219,56692,55125,53257,51640,50252,48250,46421,44803,42720,41391,40077,38253,36248,35053,33658,32348,31434,29757,28527,26998,25888,24742,23520,22336,21634,20340,19229,18058,17605,16444,15488,15117,14062,13665,12615,12111,11721,11024,10338,9817,9271,8726,8343,7846,7497,7113,6685,6362,5948,5554,5423,4934,4666,4940,4214,4470,4063,3615,3850,3395,3481,3671,3425,3740,3451,3560
,FINAL_DATA_CLARIOSTAR_IN_BLACK_FLOURESCENCE_WELL_PLATE(3-07-2024)_2,68138,79516,93554,107590,122259,136348,147771,158748,165325,171027,174750,180617,184865,185492,187175,186711,185713,184013,181251,177255,172648,165998,160074,153003,148978,146852,143920,140684,137884,133390,129493,128383,124636,122720,120139,117962,115509,109906,106093,102275,99606,96182,92245,88516,85343,81522,78455,75991,72011,68936,66099,63963,61380,58972,55948,54014,50739,48844,46727,44447,42664,40559,38555,36337,34618,32708,31380,29296,28200,26780,25590,23993,23203,21879,20608,19520,18025,17226,16412,15266,14306,13707,12874,12045,11119,10608,9805,9357,8739,8498,7955,7775,7130,6584,6197,6020,6217,5326,5598,5389,5334,5328,5172
,FINAL_DATA_CLARIOSTAR_IN_BLACK_FLOURESCENCE_WELL_PLATE(3-07-2024)_2,36492,43113,51544,60229,69040,78255,85958,93314,98877,103898,107388,111993,116244,117684,120659,121319,121431,121404,121046,119195,116662,112917,109107,104685,102567,101340,99551,98010,96456,94049,91759,91140,89109,88136,86801,85838,84448,80743,78429,75946,74081,71856,69306,66878,64689,61667,59562,57834,55287,52822,50902,48933,47226,45660,43497,41633,39747,38022,36701,34841,33465,32060,30329,28972,27478,26038,24608,23542,22412,21482,20657,19258,18491,17585,16673,15739,14764,13880,13023,12713,11621,11263,10347,9961,9091,8819,8027,7941,7252,7256,6378,6296,6252,5664,5326,5285,5035,4823,4680,4684,4509,4238,4299
,FINAL_DATA_CLARIOSTAR_IN_BLACK_FLOURESCENCE_WELL_PLATE(3-07-2024)_2,2952,3451,4149,4877,5715,6548,7273,8000,8757,9247,9718,10267,10970,11367,11875,12392,12548,12787,12834,12907,12863,12600,12234,12040,11827,11973,11870,11915,11900,11520,11422,11377,11242,11112,11236,11212,11024,10662,10657,10318,10274,9920,9729,9395,9120,8787,8661,8572,8113,7763,7549,7328,7147,7378,7238,6859,6320,5988,5881,5666,5598,5304,5128,4789,4617,4427,4154,3892,3930,3567,3587,3362,3408,3209,2984,2822,2694,2676,2549,2563,2444,2304,2299,2071,1970,1899,1947,1802,1823,1884,1763,1706,1700,1750,1711,1610,1678,1720,1744,1914,2035,2422,2351
,FINAL_DATA_CLARIOSTAR_IN_BLACK_FLOURESCENCE_WELL_PLATE(3-07-2024)_2,3438,3959,4724,5545,6384,7348,8106,9077,9619,10275,10808,11509,12241,12645,13013,13379,13766,14007,14089,14247,14227,13867,13653,13147,13130,12964,12896,12908,12723,12396,12351,12326,12220,12156,12059,12066,11909,11568,11414,11141,10971,10807,10618,10281,10011,9654,9609,9511,9141,8721,8397,8246,7983,7820,7483,7284,6903,6628,6426,6325,5857,5737,5459,5144,5152,4788,4493,4339,4233,3976,3912,3604,3580,3489,3296,3184,2969,2864,2759,2583,2521,2409,2312,2125,2057,2056,2032,1930,1902,1819,1902,1831,1837,1868,1969,1855,1945,1887,2065,1964,2090,2180,2418
,FINAL_DATA_CLARIOSTAR_IN_BLACK_FLOURESCENCE_WELL_PLATE(3-07-2024)_2,2688,3151,3715,4325,5055,5665,6336,6995,7426,8020,8397,8845,9448,9754,10193,10502,10813,11193,11359,11511,11610,11525,11269,10713,10637,10494,10381,10362,10249,9996,9957,10046,9800,9814,9714,9797,9684,9342,9191,9064,9061,8731,8706,8695,8817,8524,8009,7612,7268,7095,6932,6787,6526,6332,6077,5982,5651,5477,5157,5070,4888,4720,4493,4249,4131,4029,3715,3603,3520,3517,3345,3132,2965,2900,2762,2610,2486,2488,2377,2430,2379,2129,2059,1976,1882,1883,1761,1820,1823,1798,1623,1580,1700,1661,1646,1680,1678,1887,1927,1914,1980,2119,2284
,FINAL_DATA_CLARIOSTAR_IN_BLACK_FLOURESCENCE_WELL_PLATE(3-07-2024)_2,12966,15181,17962,21109,24262,27613,30472,33159,35333,37338,39064,40664,42404,43491,44907,45511,46149,46640,46687,46245,45883,44701,43524,42005,41249,41285,40669,40220,39804,38971,38051,38098,37436,37033,36716,36495,36003,34783,33984,33025,32383,31585,30796,29740,28934,27738,27138,26270,25239,24266,23619,23069,22269,21357,20578,19927,18806,18012,17254,16841,16087,15421,14728,14135,13626,12637,12183,11504,11305,10791,10284,9545,9338,8736,8537,7924,7399,7052,6788,6566,6143,5778,5332,5251,4947,4865,4454,4412,4260,4110,3780,3612,3346,3292,3163,3010,3052,2978,2983,3022,3025,3149,3493
,FINAL_DATA_CLARIOSTAR_IN_BLACK_FLOURESCENCE_WELL_PLATE(3-07-2024)_2,23261,27589,32923,38610,44677,50657,55834,60749,64931,68243,71052,74201,77776,79497,81456,82280,82836,83356,83276,82431,81091,78207,76550,73379,72553,71333,70495,69566,68385,66863,65354,65197,63950,63182,62508,62109,60911,58660,56988,55427,54256,52615,51017,49093,47703,45749,44306,42944,40910,39367,38178,37057,35735,34336,33088,31517,30099,28653,27473,26458,25372,24195,22918,22299,20859,19997,19149,18091,17316,16408,15571,14889,14348,13690,13006,12060,11494,10891,10149,9629,9308,8959,8250,7971,7544,7077,6706,6434,5925,5844,5311,4966,4689,4567,4487,4340,4120,4110,3808,3677,3960,4057,4030
,FINAL_DATA_CLARIOSTAR_IN_BLACK_FLOURESCENCE_WELL_PLATE(3-07-2024)_2,10606,12488,14993,17647,20493,23186,25690,28219,30094,32084,33560,35324,37095,38080,39263,39883,40554,41017,41226,41058,40410,39708,38734,37370,37065,36632,36525,36055,35740,34880,34236,34168,33798,33641,33056,33085,32584,31552,30848,30050,29398,28829,27866,27140,26285,25367,24650,23771,22909,22016,21322,20916,20192,19470,18910,18066,17241,16544,15982,15367,14586,14202,13488,12894,12084,11791,11294,10520,10000,9739,9252,8874,8603,8106,7921,7272,6973,6747,6177,5953,5642,5462,5117,4750,4699,4425,4183,4155,3904,3682,3317,3662,3099,3055,3034,3115,3090,3020,3120,2770,2970,2906,3157
,FINAL_DATA_CLARIOSTAR_IN_BLACK_FLOURESCENCE_WELL_PLATE(3-07-2024)_2,1799,1963,2293,2653,2996,3411,3800,4159,4415,4752,4995,5306,5567,5800,6026,6222,6346,6512,6604,6669,6662,6575,6478,6293,6260,6281,6321,6256,6215,6122,6035,6077,6032,5995,5996,5946,5908,5774,5706,5606,5509,5499,5357,5222,5109,5157,5101,4926,4738,4517,4417,4285,4162,4097,3947,3855,3715,3514,3411,3356,3217,3083,2986,2847,2784,2572,2502,2487,2380,2246,2195,2107,2111,1941,1967,1792,1668,1656,1738,1664,1637,1485,1592,1448,1415,1428,1338,1213,1229,1327,1299,1354,1399,1305,1388,1540,1411,1720,1606,1713,1925,2240,2082
,FINAL_DATA_CLARIOSTAR_IN_BLACK_FLOURESCENCE_WELL_PLATE(3-07-2024)_2,1697,1874,2139,2486,2841,3171,3525,3873,4138,4418,4629,4888,5260,5448,5632,5841,6031,6130,6245,6298,6329,6259,6136,6035,6048,6046,5948,5996,5982,5870,5755,5853,5746,5761,5778,5791,5766,5589,5493,5469,5353,5239,5251,5013,4977,4771,4694,4636,4537,4374,4380,4247,4149,3962,3830,3727,3535,3440,3306,3313,3180,3006,2929,2855,2717,2646,2536,2400,2396,2201,2201,2138,1992,2039,1915,1792,1793,1709,1556,1624,1604,1509,1453,1462,1430,1350,1338,1342,1288,1370,1299,1304,1344,1394,1452,1365,1449,1678,1698,1914,1815,1998,2351
,FINAL_DATA_CLARIOSTAR_IN_BLACK_FLOURESCENCE_WELL_PLATE(3-07-2024)_2,1474,1537,1826,2080,2319,2644,2837,3120,3342,3520,3699,3971,4195,4361,4532,4645,4779,4963,5008,5070,5030,5014,4872,4825,4791,4846,4761,4845,4829,4711,4620,4664,4670,4676,4655,4688,4596,4513,4493,4381,4383,4304,4199,4101,3987,3891,3815,3752,3735,3528,3546,3407,3374,3262,3108,3055,2909,2819,2721,2608,2577,2422,2344,2285,2192,2109,2014,1918,1848,1764,1782,1728,1674,1583,1559,1541,1418,1369,1413,1358,1299,1380,1225,1164,1226,1114,1219,1250,1110,1199,1067,1204,1152,1186,1194,1470,1373,1384,1606,1612,1760,1877,2082
,FINAL_DATA_CLARIOSTAR_IN_BLACK_FLOURESCENCE_WELL_PLATE(3-07-2024)_2,4132,4777,5679,6675,7727,8805,9740,10662,11407,12154,12845,13536,14293,14772,15497,15797,16248,16610,16656,16827,16867,16587,16395,15919,15719,15875,15691,15640,15612,15305,14965,15146,14972,14963,14821,14954,14728,14396,14012,13909,13558,13407,13160,12727,12499,12104,11836,11630,11193,10760,10700,10366,10013,9701,9431,9067,8703,8490,8114,7824,7613,7316,6954,6508,6349,6023,5874,5557,5383,5113,4944,4810,4553,4253,4224,4017,3770,3633,3475,3431,3263,3017,2956,2869,2714,2574,2455,2574,2299,2269,2250,2257,2221,2165,1937,2205,2250,2265,2157,2367,2420,2604,2418
,FINAL_DATA_CLARIOSTAR_IN_BLACK_FLOURESCENCE_WELL_PLATE(3-07-2024)_2,6506,7559,9078,10638,12283,13987,15609,17146,18363,19351,20484,21441,22660,23366,24170,24582,25043,25305,25543,25516,25466,24925,24575,23677,23245,23200,23111,22943,22822,22226,21771,21934,21726,21437,21488,21158,20983,20373,19901,19402,19219,18695,18177,17660,17328,16538,16133,15844,15298,14413,14019,13826,13232,12867,12308,11825,11308,10928,10361,10042,9561,9231,8869,8455,8196,7725,7449,6988,6699,6379,6231,5928,5672,5521,5263,4811,4671,4474,4335,4085,3874,3649,3563,3383,3298,3029,2980,2831,2913,2633,2690,2458,2523,2610,2324,2555,2441,2181,2478,2569,2420,2483,2687
,FINAL_DATA_CLARIOSTAR_IN_BLACK_FLOURESCENCE_WELL_PLATE(3-07-2024)_2,3662,4272,5053,6009,6913,7946,8781,9655,10396,11085,11611,12389,13050,13625,14086,14440,14859,15083,15255,15337,15244,15020,14837,14405,14178,14270,14247,14155,14165,13886,13646,13723,13595,13508,13507,13424,13267,12926,12746,12513,12396,12015,11863,11534,11213,10890,10628,10436,10009,9766,9485,9402,8861,8690,8490,8250,7879,7666,7363,7009,6781,6526,6210,5938,5686,5551,5333,5065,4824,4592,4461,4381,4136,3944,3897,3648,3345,3409,3074,3063,2924,2725,2590,2504,2568,2354,2184,2316,2239,2269,2134,2032,1892,1957,2163,2100,2060,2139,2019,2065,2420,2240,2620
,FINAL_DATA_CLARIOSTAR_IN_BLACK_FLOURESCENCE_WELL_PLATE(3-07-2024)_2,1093,1139,1279,1455,1649,1823,1991,2178,2289,2422,2525,2613,2845,2934,3028,3127,3175,3270,3320,3361,3406,3329,3264,3252,3225,3174,3155,3150,3158,3130,3068,3124,3121,3060,3114,3055,3031,3029,3025,2891,2884,2811,2790,2707,2677,2557,2572,2521,2413,2347,2354,2256,2161,2128,2056,2074,1955,1946,1797,1800,1767,1652,1608,1512,1507,1448,1425,1340,1310,1266,1245,1156,1224,1128,1173,1046,1051,1029,1031,991,1026,994,948,934,905,957,864,1085,971,878,974,1003,1015,1216,1162,1260,1259,1384,1422,1461,1815,1816,2015
,FINAL_DATA_CLARIOSTAR_IN_BLACK_FLOURESCENCE_WELL_PLATE(3-07-2024)_2,1218,1318,1488,1652,1862,2060,2233,2379,2504,2633,2760,2897,3061,3158,3255,3345,3431,3504,3588,3595,3621,3641,3511,3460,3385,3412,3417,3350,3395,3335,3327,3366,3330,3279,3274,3283,3258,3153,3122,3118,3067,2976,2979,2913,2815,2755,2742,2690,2529,2514,2459,2461,2424,2394,2356,2285,2228,2095,1980,1963,1815,1791,1782,1698,1573,1545,1459,1472,1395,1372,1345,1280,1297,1289,1180,1171,1151,1074,1079,1113,993,982,1023,1029,919,1036,948,1048,1011,1027,997,1154,1124,1157,1259,1330,1373,1342,1377,1461,1760,1998,2149
,FINAL_DATA_CLARIOSTAR_IN_BLACK_FLOURESCENCE_WELL_PLATE(3-07-2024)_2,1674,1794,1947,2218,2398,2579,2770,2946,3053,3236,3373,3473,3659,3755,3888,4002,4099,4149,4314,4280,4314,4194,4229,4118,4050,4133,4107,4026,4014,3966,3897,3982,3937,3887,3923,3855,3905,3704,3724,3696,3660,3586,3539,3453,3344,3286,3263,3147,3185,3032,2980,2881,2840,2803,2698,2583,2485,2444,2426,2381,2233,2163,2077,2006,1940,1878,1797,1700,1651,1641,1593,1491,1549,1443,1396,1336,1401,1315,1318,1236,1222,1216,1213,1218,1109,1177,1118,1158,1189,1113,1160,1129,1179,1275,1291,1330,1526,1594,1698,1662,1760,1998,2015
,FINAL_DATA_CLARIOSTAR_IN_BLACK_FLOURESCENCE_WELL_PLATE(3-07-2024)_2,2024,2266,2635,3064,3527,3988,4423,4868,5173,5501,5837,6209,6576,6808,7130,7294,7447,7523,7740,7816,7728,7683,7603,7362,7412,7382,7310,7315,7274,7137,7092,7057,7082,7026,7065,6938,6964,6751,6710,6639,6494,6375,6190,6100,6013,5809,5706,5597,5428,5209,5195,5110,4980,4726,4620,4547,4341,4290,4013,3940,3790,3722,3507,3379,3199,3127,3024,2867,2732,2660,2632,2299,2416,2291,2294,2115,2027,1987,1881,1950,1757,1766,1668,1570,1663,1569,1524,1452,1486,1584,1508,1505,1399,1453,1452,1680,1678,1594,1652,1813,1925,2119,2418
,FINAL_DATA_CLARIOSTAR_IN_BLACK_FLOURESCENCE_WELL_PLATE(3-07-2024)_2,2526,2858,3327,3953,4515,5191,5714,6243,6669,7155,7514,7936,8470,8773,9172,9453,9597,9881,10080,10143,10112,10012,9895,9567,9655,9613,9524,9519,9538,9390,9237,9296,9256,9283,9235,9225,9200,9017,8787,8606,8476,8441,8124,7955,7790,7557,7341,7352,7206,6925,6624,6602,6361,6299,6074,5884,5636,5416,5323,5070,5010,4751,4578,4329,4206,4047,3860,3598,3440,3438,3357,3163,3031,2907,2851,2618,2527,2371,2492,2369,2237,2140,1984,2003,1853,1899,1863,1673,1724,1755,1670,1756,1728,1690,1549,1645,1678,1803,1790,1914,2090,2059,2284
,FINAL_DATA_CLARIOSTAR_IN_BLACK_FLOURESCENCE_WELL_PLATE(3-07-2024)_2,2592,2819,3119,3519,3982,4349,4739,5115,5403,5628,5844,6206,6520,6626,6918,7144,7311,7415,7507,7546,7465,7389,7309,7118,7035,7024,7067,6885,6880,6738,6637,6706,6605,6604,6539,6572,6523,6285,6186,6193,6034,5909,5834,5659,5506,5443,5236,5226,5003,4901,4693,4687,4502,4347,4252,4080,3956,3789,3682,3518,3579,3346,3212,3096,2996,2794,2686,2603,2524,2358,2342,2231,2164,2137,2116,1863,1910,1790,1795,1777,1670,1602,1453,1502,1459,1444,1524,1415,1407,1434,1415,1304,1426,1394,1388,1540,1488,1552,1698,1964,1815,1877,2284
,FINAL_DATA_CLARIOSTAR_IN_BLACK_FLOURESCENCE_WELL_PLATE(3-07-2024)_2,776,790,850,946,996,1107,1195,1251,1338,1368,1389,1501,1575,1608,1655,1729,1739,1782,1868,1871,1889,1903,1877,1784,1796,1756,1747,1725,1719,1683,1670,1684,1650,1655,1636,1645,1624,1571,1553,1547,1488,1544,1484,1459,1418,1427,1363,1307,1346,1255,1251,1227,1246,1172,1161,1144,1109,1070,1035,1088,1002,971,978,929,937,870,879,812,836,784,767,752,741,687,750,715,734,725,668,694,633,620,708,731,657,706,745,754,793,813,881,853,905,949,1033,1225,1106,1300,1239,1511,1540,1756,1746
,FINAL_DATA_CLARIOSTAR_IN_BLACK_FLOURESCENCE_WELL_PLATE(3-07-2024)_2,3420,3522,3776,3966,4155,4286,4418,4519,4478,4492,4497,4593,4631,4754,4709,4826,4877,4893,4929,4896,4858,4729,4590,4484,4345,4399,4288,4188,4150,4017,3919,3873,3800,3810,3713,3605,3639,3464,3433,3327,3253,3239,3119,3029,2925,2849,2751,2807,2637,2516,2517,2373,2390,2295,2298,2178,2119,1969,2010,1857,1793,1830,1649,1580,1538,1522,1425,1406,1347,1327,1269,1206,1224,1177,1128,1046,1051,1011,1012,970,993,1006,973,974,1021,942,982,901,951,963,997,1053,1069,1127,1162,1260,1297,1342,1468,1561,1705,1756,2082
,FINAL_DATA_CLARIOSTAR_IN_BLACK_FLOURESCENCE_WELL_PLATE(3-07-2024)_2,863,841,941,1000,1107,1174,1270,1314,1399,1445,1495,1534,1644,1716,1749,1784,1797,1828,1886,1901,1867,1851,1819,1775,1764,1776,1703,1740,1746,1691,1660,1692,1715,1692,1687,1692,1647,1598,1588,1578,1517,1497,1503,1444,1432,1435,1398,1371,1334,1299,1280,1277,1315,1194,1192,1138,1109,1057,1035,1013,1017,959,954,895,875,847,845,827,825,823,726,789,728,708,713,723,684,653,687,694,644,667,733,677,671,722,745,754,773,813,881,928,1015,1038,1097,1120,1144,1258,1377,1511,1540,1877,1814
,FINAL_DATA_CLARIOSTAR_IN_BLACK_FLOURESCENCE_WELL_PLATE(3-07-2024)_2,1207,1249,1470,1683,1866,2108,2276,2544,2693,2830,2993,3174,3336,3502,3708,3792,3929,3995,4090,4133,4154,4082,3995,3904,3843,3897,3889,3908,3928,3822,3779,3846,3822,3844,3823,3865,3808,3724,3675,3585,3555,3473,3516,3369,3242,3231,3147,3136,3036,2994,2902,2871,2829,2790,2641,2544,2417,2376,2294,2257,2170,2077,2020,1922,1873,1823,1744,1700,1624,1590,1528,1454,1549,1345,1373,1360,1318,1190,1213,1093,1233,1158,1225,1137,1036,1051,1050,1121,1011,1027,1067,1179,1207,1335,1291,1330,1259,1342,1514,1713,1815,1877,1948
,FINAL_DATA_CLARIOSTAR_IN_BLACK_FLOURESCENCE_WELL_PLATE(3-07-2024)_2,1611,1774,2038,2378,2741,3081,3290,3649,3885,4094,4334,4597,4804,5013,5148,5324,5432,5551,5627,5706,5624,5530,5523,5335,5385,5300,5318,5306,5265,5217,5115,5168,5131,5076,5060,5023,5048,4854,4800,4685,4697,4568,4497,4352,4245,4111,4065,3992,3877,3827,3712,3615,3568,3419,3291,3171,3129,2981,2863,2828,2736,2604,2546,2378,2324,2243,2116,2055,1922,1882,1859,1815,1741,1702,1707,1651,1485,1494,1432,1379,1320,1357,1301,1299,1211,1161,1253,1324,1149,1177,1206,1229,1207,1275,1420,1365,1449,1552,1606,1813,1815,1998,2284
,FINAL_DATA_CLARIOSTAR_IN_BLACK_FLOURESCENCE_WELL_PLATE(3-07-2024)_2,1591,1668,1879,2071,2312,2500,2760,2908,3064,3221,3340,3529,3640,3735,3956,4115,4397,4552,4530,4472,4335,4244,4253,4080,4124,4166,4196,4107,4037,3976,3881,3919,3777,3824,3822,3841,3704,3631,3618,3494,3495,3411,3335,3227,3218,3085,3067,2965,2924,2846,2822,2722,2716,2592,2549,2434,2404,2296,2243,2207,2037,1989,1944,1892,1794,1799,1604,1614,1603,1501,1522,1454,1317,1359,1366,1266,1209,1253,1136,1154,1069,1076,1099,1015,1124,1051,999,1066,1011,1092,1090,1154,1152,1275,1259,1295,1373,1552,1560,1612,1760,1816,2082
,FINAL_DATA_CLARIOSTAR_IN_BLACK_FLOURESCENCE_WELL_PLATE(3-07-2024)_2,665,647,710,767,839,884,927,1004,991,1030,1058,1152,1154,1204,1231,1239,1296,1317,1362,1340,1388,1331,1337,1285,1288,1298,1304,1318,1259,1245,1226,1275,1247,1243,1262,1286,1281,1174,1208,1150,1198,1155,1108,1101,1084,1063,1045,1041,1033,958,968,974,978,934,918,906,874,828,832,843,784,824,735,798,742,731,657,665,655,655,679,715,662,673,624,613,601,626,630,623,633,620,657,636,657,659,694,790,753,706,812,828,905,919,1001,1120,1144,1258,1285,1511,1595,1756,1814
,FINAL_DATA_CLARIOSTAR_IN_BLACK_FLOURESCENCE_WELL_PLATE(3-07-2024)_2,601,579,627,687,752,797,832,879,935,933,992,1036,1133,1133,1221,1354,1542,1655,1758,1833,1938,1964,1958,1932,1905,1786,1626,1503,1367,1247,1157,1155,1179,1144,1145,1140,1120,1074,1058,1016,1018,1046,1001,1003,995,934,933,883,898,897,866,863,857,813,810,776,802,747,758,723,710,689,683,659,641,648,604,609,575,571,566,578,569,560,512,590,601,582,563,572,589,561,606,555,627,596,643,680,753,749,835,778,850,919,1033,1050,1106,1216,1422,1511,1540,1816,1881
,FINAL_DATA_CLARIOSTAR_IN_BLACK_FLOURESCENCE_WELL_PLATE(3-07-2024)_2,613,605,627,690,722,783,820,848,873,908,928,940,986,1012,1073,1079,1115,1142,1130,1107,1130,1117,1106,1079,1052,1063,1047,1050,1063,1024,1057,1019,1032,1028,1014,1050,1049,1018,995,959,956,903,916,886,903,846,851,819,834,791,815,797,765,755,741,710,688,673,677,663,651,634,614,604,588,587,556,584,517,543,531,534,556,504,520,550,500,492,525,521,546,561,556,582,584,628,593,680,733,749,765,828,960,860,936,1085,1144,1174,1331,1511,1540,1695,1881
,FINAL_DATA_CLARIOSTAR_IN_BLACK_FLOURESCENCE_WELL_PLATE(3-07-2024)_2,949,983,1125,1309,1421,1594,1719,1896,1986,2106,2207,2340,2441,2533,2639,2720,2783,2872,2850,2892,2903,2828,2836,2758,2748,2759,2746,2740,2739,2693,2696,2676,2656,2654,2723,2688,2640,2614,2516,2481,2477,2389,2367,2310,2311,2216,2214,2130,2086,2088,1985,1948,1893,1900,1862,1801,1766,1665,1648,1609,1586,1497,1426,1398,1343,1300,1232,1289,1203,1142,1139,1106,1092,1100,980,943,951,913,1002,939,862,854,935,893,948,847,914,882,971,1006,997,1003,1069,1157,1130,1085,1221,1300,1422,1561,1540,1816,1948
,FINAL_DATA_CLARIOSTAR_IN_BLACK_FLOURESCENCE_WELL_PLATE(3-07-2024)_2,1126,1228,1375,1583,1776,1969,2165,2333,2440,2577,2676,2877,3001,3123,3228,3330,3461,3521,3660,3767,3754,3704,3648,3494,3434,3477,3405,3317,3383,3292,3263,3296,3231,3129,3188,3155,3112,2988,2974,2943,2840,2795,2788,2721,2640,2519,2512,2470,2424,2283,2276,2223,2188,2117,2039,2042,1881,1836,1743,1704,1716,1652,1657,1508,1502,1439,1396,1401,1299,1243,1221,1143,1165,1135,1084,1069,1001,984,974,929,1004,994,1023,920,963,973,931,919,951,1006,997,1053,1069,1068,1323,1225,1297,1426,1468,1561,1705,1756,2015
,FINAL_DATA_CLARIOSTAR_IN_BLACK_FLOURESCENCE_WELL_PLATE(3-07-2024)_2,1180,1233,1357,1500,1616,1773,1903,2023,2099,2148,2228,2343,2444,2504,2609,2676,2722,2816,2805,2884,2822,2793,2757,2743,2659,2658,2665,2623,2594,2585,2495,2549,2550,2506,2596,2609,2695,2611,2528,2451,2363,2267,2199,2124,2111,2039,2018,1946,1967,1850,1776,1811,1751,1664,1628,1626,1503,1478,1485,1389,1368,1342,1232,1250,1215,1133,1111,1096,1076,1058,932,963,986,960,965,873,884,859,869,858,840,865,783,771,817,847,847,827,892,899,974,928,1097,1097,1130,1190,1297,1384,1422,1511,1650,1756,1881
,FINAL_DATA_CLARIOSTAR_IN_BLACK_FLOURESCENCE_WELL_PLATE(3-07-2024)_2,589,549,573,633,687,742,769,776,794,831,839,876,892,911,959,968,1008,1000,1011,1002,1021,1008,990,947,955,962,950,946,930,914,943,922,937,915,925,915,888,892,873,887,851,843,804,781,793,798,758,768,727,716,727,746,684,711,676,654,688,663,599,609,617,604,590,591,557,537,531,528,506,521,502,510,543,504,490,527,500,537,535,521,546,538,594,528,642,659,694,680,694,749,696,853,878,890,1033,1015,1144,1132,1285,1410,1540,1816,1948
,FINAL_DATA_CLARIOSTAR_IN_BLACK_FLOURESCENCE_WELL_PLATE(3-07-2024)_2,613,597,648,682,742,794,826,861,872,904,915,951,991,1011,1037,1097,1089,1106,1107,1167,1122,1110,1112,1100,1053,1055,1054,1046,1028,1003,1029,1038,1049,1042,1053,1030,998,984,976,919,919,880,895,890,854,817,829,828,841,774,776,764,770,714,724,698,722,679,660,680,680,619,594,587,592,560,565,523,554,566,543,565,490,504,579,527,525,501,487,511,535,561,581,568,584,596,643,717,694,728,789,778,850,919,936,1050,1221,1174,1285,1561,1485,1635,1746
,FINAL_DATA_CLARIOSTAR_IN_BLACK_FLOURESCENCE_WELL_PLATE(3-07-2024)_2,538,506,537,583,612,672,682,719,745,747,775,813,832,820,848,853,889,905,930,905,923,895,890,872,870,847,862,844,868,843,848,857,854,838,854,854,860,826,816,782,813,803,743,761,757,712,730,712,681,680,661,673,673,667,636,612,617,576,585,556,558,549,578,536,543,532,473,507,527,482,478,503,476,476,475,487,484,528,496,541,502,503,556,555,569,612,643,643,713,749,789,828,905,919,968,1050,1182,1174,1331,1410,1595,1635,1746
,FINAL_DATA_CLARIOSTAR_IN_BLACK_FLOURESCENCE_WELL_PLATE(3-07-2024)_2,795,763,857,951,1022,1102,1175,1260,1282,1375,1423,1452,1550,1592,1641,1682,1717,1741,1749,1792,1762,1749,1771,1694,1679,1692,1647,1666,1651,1631,1619,1618,1604,1607,1604,1680,1583,1559,1520,1515,1457,1486,1432,1376,1375,1310,1316,1314,1311,1219,1210,1186,1170,1159,1112,1103,1053,1035,991,957,939,921,865,916,839,814,768,756,745,711,684,721,708,680,661,645,634,689,630,664,622,702,670,650,642,690,762,717,753,813,812,878,905,949,1097,1050,1106,1342,1331,1461,1595,1635,1881
,FINAL_DATA_CLARIOSTAR_IN_BLACK_FLOURESCENCE_WELL_PLATE(3-07-2024)_2,762,768,851,963,1083,1165,1279,1344,1397,1453,1518,1597,1666,1748,1813,1835,1906,1941,1972,1949,1939,1912,1873,1852,1860,1883,1855,1885,1914,1885,1914,1972,2000,2086,2077,1996,1974,1871,1764,1671,1658,1605,1566,1525,1475,1420,1374,1418,1391,1311,1298,1290,1210,1263,1206,1174,1156,1048,1035,1042,1046,983,990,912,901,856,845,822,809,840,814,758,728,764,742,739,651,689,659,623,666,690,708,731,700,706,728,827,773,878,905,878,960,1038,1033,1155,1106,1468,1377,1360,1705,1756,2015
,FINAL_DATA_CLARIOSTAR_IN_BLACK_FLOURESCENCE_WELL_PLATE(3-07-2024)_2,599,562,611,662,710,760,796,851,859,880,919,961,987,1038,1044,1061,1111,1142,1163,1159,1144,1123,1119,1078,1114,1086,1073,1057,1070,1044,1057,1081,1063,1048,1052,1064,1054,1040,997,991,987,1018,933,943,936,894,881,888,836,876,822,817,836,785,787,796,750,744,714,730,688,658,675,655,636,615,585,594,591,549,578,590,543,518,557,566,517,537,573,582,546,561,569,623,627,643,677,717,674,749,789,803,905,979,1001,1050,1068,1258,1422,1511,1485,1756,1948
,FINAL_DATA_CLARIOSTAR_IN_BLACK_FLOURESCENCE_WELL_PLATE(3-07-2024)_2,556,532,576,633,640,684,712,752,767,791,798,842,834,880,900,930,909,969,941,1002,981,959,944,933,918,940,911,929,920,951,914,927,905,909,918,920,938,872,901,950,903,845,818,803,775,748,711,737,660,645,683,645,644,615,622,594,582,569,579,578,562,518,541,503,513,490,512,492,485,454,448,478,463,448,445,440,434,465,458,470,469,456,543,528,540,581,627,607,634,728,812,778,850,890,1033,1015,1068,1132,1239,1410,1540,1695,1746
,FINAL_DATA_CLARIOSTAR_IN_BLACK_FLOURESCENCE_WELL_PLATE(3-07-2024)_2,502,488,496,513,538,573,600,614,635,644,659,645,692,704,739,726,786,742,784,793,766,780,762,727,749,733,745,710,718,710,705,703,704,712,703,721,733,714,701,667,681,670,672,647,629,606,614,606,583,598,559,602,610,626,593,562,545,504,538,500,536,518,473,511,495,435,464,436,586,588,472,466,443,427,445,456,475,465,468,490,491,456,569,555,584,534,660,625,733,685,696,778,768,860,1001,980,1106,1216,1285,1511,1595,1574,1881
,FINAL_DATA_CLARIOSTAR_IN_BLACK_FLOURESCENCE_WELL_PLATE(3-07-2024)_2,2471,2496,2607,2695,2738,2789,2763,2767,2683,2669,2631,2666,2672,2668,2660,2671,2684,2684,2636,2599,2554,2469,2424,2297,2233,2215,2134,2053,2033,1970,1908,1898,1838,1792,1756,1690,1719,1594,1567,1515,1462,1447,1436,1386,1340,1287,1245,1240,1206,1130,1117,1128,1049,1010,995,948,923,873,870,847,817,816,780,760,756,689,657,644,623,599,649,646,609,574,579,582,567,591,592,613,578,632,594,595,613,628,627,717,733,792,742,853,932,979,1033,1015,1068,1258,1331,1511,1485,1938,1881
,FINAL_DATA_CLARIOSTAR_IN_BLACK_FLOURESCENCE_WELL_PLATE(3-07-2024)_2,803,808,876,965,1007,1098,1146,1220,1275,1305,1329,1382,1430,1457,1513,1537,1590,1635,1653,1699,1664,1600,1600,1552,1551,1588,1533,1506,1490,1529,1457,1496,1477,1431,1480,1480,1482,1424,1388,1394,1392,1338,1353,1279,1271,1218,1228,1196,1172,1118,1105,1116,1060,1060,1055,1013,970,963,951,932,891,890,873,849,817,759,792,782,745,711,720,696,622,673,661,653,659,653,601,664,666,713,632,663,686,722,711,809,812,792,835,878,905,949,1130,1120,1259,1342,1422,1410,1595,1635,1746
,FINAL_DATA_CLARIOSTAR_IN_BLACK_FLOURESCENCE_WELL_PLATE(3-07-2024)_2,491,486,502,508,560,558,590,615,614,625,646,677,661,700,699,708,749,758,736,750,739,728,727,691,696,693,704,715,686,674,669,678,689,665,714,731,721,668,664,651,620,598,614,605,580,593,612,575,539,560,549,531,526,544,522,496,471,469,484,478,458,457,461,456,490,444,415,416,431,431,413,410,437,462,445,425,442,447,439,449,502,503,493,487,569,534,576,662,654,621,696,778,850,860,968,1120,1068,1258,1239,1410,1540,1574,1881
,FINAL_DATA_CLARIOSTAR_IN_BLACK_FLOURESCENCE_WELL_PLATE(3-07-2024)_2,535,497,532,567,581,633,634,676,677,686,690,713,748,747,767,781,792,801,794,801,806,782,762,768,729,747,744,726,731,714,698,712,741,729,693,721,708,671,683,667,666,649,614,633,590,618,601,595,571,567,559,531,523,527,502,526,517,498,470,524,603,484,457,443,433,435,440,441,394,414,425,423,417,455,438,409,425,447,439,480,447,480,543,501,554,549,610,625,654,685,673,778,878,949,968,1015,1106,1258,1331,1410,1540,1635,1814
,FINAL_DATA_CLARIOSTAR_IN_BLACK_FLOURESCENCE_WELL_PLATE(3-07-2024)_2,472,492,508,479,489,512,529,538,547,553,545,549,578,587,588,604,603,619,611,617,603,570,578,549,574,565,553,543,541,542,528,546,547,565,550,553,559,520,518,510,481,504,491,479,454,472,459,444,464,428,451,438,444,437,425,395,437,401,403,418,377,395,380,367,393,361,372,365,357,347,372,367,364,357,408,409,367,430,411,439,436,468,505,528,525,549,610,625,654,664,742,752,850,771,936,1050,1030,1216,1377,1410,1595,1756,1814
,FINAL_DATA_CLARIOSTAR_IN_BLACK_FLOURESCENCE_WELL_PLATE(3-07-2024)_2,456,432,481,462,518,545,551,562,597,590,603,656,633,677,664,694,733,757,752,764,742,718,708,704,692,693,678,684,698,686,670,700,703,659,687,684,666,648,666,635,655,645,593,581,594,595,575,566,555,532,522,529,560,546,530,571,586,647,616,563,503,491,457,427,451,449,425,426,437,420,413,404,430,469,423,432,450,438,449,470,480,503,493,514,525,565,627,625,674,749,765,752,850,890,936,1015,1106,1300,1239,1461,1485,1574,1948
,FINAL_DATA_CLARIOSTAR_IN_BLACK_FLOURESCENCE_WELL_PLATE(3-07-2024)_2,525,488,497,530,557,559,590,613,596,577,594,605,625,618,621,631,647,669,661,686,677,633,636,613,612,606,618,609,639,653,603,615,592,604,594,611,598,578,558,542,539,527,500,508,511,505,482,524,621,508,468,582,823,568,425,437,424,424,423,411,414,406,392,384,362,398,372,370,367,353,378,416,384,406,393,385,417,376,411,419,404,444,480,487,554,565,576,588,694,706,719,752,795,919,904,1015,1144,1384,1377,1410,1595,1635,1881
